{"max": [[15.604466217075965, 31.194351290650093, 46.18056387563045, 62.29723641558156, 74.36548629042174, 89.17805816937553, 100.77252622703838], [10.904623385781656, 20.91322953481708, 31.05987577953392, 41.6768415445591, 49.52218131398456, 59.149492877492875, 68.39245895182994], [8.644243561316731, 15.308408585815961, 23.04813921814032, 29.977583035390435, 36.8254809441054, 43.273744576216224, 52.99744909082981], [6.352829914156846, 11.891586680138081, 17.931474719101125, 24.23215429318457, 29.489641007322735, 35.83716708041269, 41.2853284765008], [5.122349684373886, 11.447737539486594, 15.31174855628136, 20.308057017678642, 24.85223595475064, 29.394125006588492, 33.99322345294616], [4.506333848280348, 9.295571761768667, 12.974183079225138, 17.270918877439968, 21.34199475219342, 25.02675985554166, 29.10403641017222], [4.1001803684911415, 7.662861206028166, 10.999770548864433, 15.063455312342796, 18.42170410668246, 21.687887088121983, 25.472175647170282], [3.4795849150908595, 6.927563344941569, 10.398800635711112, 13.048177208463587, 16.248978571929577, 20.05644814042392, 22.55986972563802], [3.182012974016647, 6.231354264923865, 9.170089863331377, 11.875675988826506, 14.780027435829753, 17.409186065644544, 20.338268179039144], [3.089041483308257, 5.5526396945443866, 8.286927568863955, 10.728177775327563, 13.534474952533957, 15.620953760172966, 18.52200106803157]], "avg": [[14.347546357012542, 30.32242600379559, 44.41807633071387, 59.545893334733236, 71.94457275953172, 87.61014525636043, 99.45995956882135], [10.037825778951504, 20.177281707420292, 30.525205274242133, 39.169279440922665, 48.632205707041486, 58.33195477523297, 67.0768073272599], [7.713725868455363, 14.990567025279244, 22.763166013301575, 28.935391276227403, 35.94504552929253, 42.752898522614814, 50.92755441888689], [5.927782862768796, 11.476339600122751, 17.543581795936696, 23.563874878575817, 29.081517122757607, 35.20406209788838, 40.63914876714718], [4.848305252043465, 10.115029770101648, 14.83730542397565, 19.800849105816752, 24.17646690290075, 28.96439333985815, 33.5287337531543], [4.289674068508391, 8.775435209253333, 12.657885898168036, 16.666843508817045, 20.928706750602537, 24.846301282576622, 28.480106041946176], [3.8992073108238365, 7.375784145710497, 10.886737030543076, 14.696287863028545, 18.219424785367245, 21.48374018776389, 25.089294763255907], [3.3107290813131245, 6.724269801276263, 9.958655087422976, 12.817602836599912, 15.890577660770257, 19.414560652021827, 22.30615209327914], [3.038480569773422, 5.9619519403457515, 8.66564482827509, 11.665594715967112, 14.507139380875845, 17.21171626254367, 20.0459503140457], [2.7910442589997193, 5.4150643185028935, 8.0195538715386, 10.626675903172877, 13.193002382711592, 15.46262270924926, 18.13753799275248]]}