{"max": [[13.91035956053712, 29.941552062868368, 41.16591779867642, 54.859257728229835, 69.44761299259811, 81.30628968522021, 94.7443758427365], [9.936719947449092, 18.24552584316309, 27.370364002132085, 37.89054968618078, 45.95173528411024, 54.80821185945022, 63.29722534799127], [7.547082087975123, 14.028211636723256, 21.3857822896434, 27.294736708192467, 33.94026503826078, 40.906182104652125, 47.868125802356815], [5.705310808078539, 11.11639425994971, 17.03495812067647, 22.094446111820453, 27.771395689259382, 32.43432888753364, 38.17390578157246], [4.653642060011707, 9.339338673712302, 14.097759279150257, 18.304218346459205, 22.835823650630633, 27.34825984820352, 31.663214279358638], [4.150129939361631, 8.063775842391097, 11.822441791726899, 15.606729339041364, 19.54487807132315, 23.424001668354883, 27.07508058140242], [3.672130388837037, 7.089225228169436, 10.40997495243581, 14.16020280003824, 17.23641375805888, 20.40022960265126, 23.731166475466374], [3.2602941457723715, 6.340951745675606, 9.27675169302388, 12.138465217287946, 15.15151332637346, 18.085302480903007, 20.984147383109732], [2.916252682498844, 5.721834301888484, 8.440607623499073, 10.99373760594157, 13.731532073353481, 16.373575428194993, 18.95551571559889], [2.793532245416184, 5.116394823493376, 7.631847900191962, 10.080533934617351, 12.419940930662108, 14.793068837045922, 17.229527682362665]], "avg": [[13.107014293360635, 27.48350776278277, 40.793993784241124, 53.98162036535048, 68.20980824794792, 80.38320639783436, 93.56064341802735], [9.159133417645029, 17.950358467481085, 27.09247961884829, 36.33891066905987, 45.40130054676862, 53.97043619138102, 62.64411911149621], [6.988373736289292, 13.67361104599793, 20.56629432081261, 27.031438581043215, 33.69795077450483, 40.65727618152089, 47.18582486724126], [5.516627884478478, 11.05734877654876, 16.486944972797346, 21.649617580671467, 27.041969069675844, 32.28618012591644, 37.85626571195844], [4.603883050542183, 9.178059418206301, 13.882225213128288, 18.227759645393313, 22.688781029404176, 27.150446395755704, 31.45239065267068], [4.019374857739302, 7.932002225540205, 11.707870632030701, 15.46588604775786, 19.4099283031456, 23.088249332954447, 27.014632408821438], [3.566879704707536, 6.933345611271685, 10.24654023975743, 13.705189957617844, 17.098047037863036, 20.276098663022335, 23.531300425988803], [3.1659852044579093, 6.191024040177767, 9.155140913147765, 12.086969371392218, 15.08023096287991, 17.991067173007828, 20.849212574120752], [2.8565319678510823, 5.625913547864532, 8.293583897443686, 10.892059109228375, 13.572838143131728, 16.26480504321581, 18.851092463088396], [2.6585871099428973, 5.062324695803905, 7.54890526030231, 9.939494115704727, 12.337682485421103, 14.70140723317201, 17.125255586627606]]}