{"max": [[1, 1, 1, 1, 1, 1, 1, 1, 1, 1], [1.0, 1.0224899598393575, 1.1157635467980296, 1.0532591414944357, 1.2093316519546027, 1.1704545454545454, 1.0595009596928984, 1.085422469823584, 1.1600955794504182], [1, 1.0, 1.0781115879828327, 1.287037037037037, 1.152542372881356, 1.1306340718105423, 1.151197604790419, 1.157642220699109], [1.0, 1.1061894983866236, 1.1993141877411058, 1.1851542952460383, 1.2156440617151059, 1.2684014869888476, 1.1475667189952905], [1.0, 1.1323103647944412, 1.1621928166351607, 1.1621720116618075, 1.272512647554806, 1.2060967528164348], [1.0, 1.2749867794817558, 1.1513145798860085, 1.2183791971724311, 1.2318367346938774], [1.0, 1.2130131680867544, 1.1874789633120162, 1.285846781673159], [1.0, 1.1125436475960246, 1.2291412911084043], [1.0, 1.117677286742035], [1.0]], "avg": [[1.0, 1.0, 1.0, 1.0, 1.0, 1.0, 1.0, 1.0, 1.0, 1.0], [1.0, 1.000112449799197, 1.0005788177339903, 1.0002662957074722, 1.001584783662305, 1.0011940260705119, 1.0003857400925822, 1.000427112349118, 1.0011047076659028], [1.0, 1.0, 1.0007886428151076, 1.004204615621201, 1.002991353313663, 1.0015819056918394, 1.0022667614186078, 1.0032793761737453], [1.0, 1.0012094978566988, 1.004902709077392, 1.0053572898806138, 1.0056577522083368, 1.0057281347739788, 1.0068711030392559], [1.0, 1.0047341676846924, 1.0042095365948358, 1.0106439758648018, 1.012218620967882, 1.0127736637992202], [1.0, 1.0131736682641137, 1.0085489279046835, 1.012448275097465, 1.0147181730515547], [1.0, 1.0100731483842975, 1.0158124255127996, 1.0231698860279288], [1.0, 1.0101528175865215, 1.0176234360938003], [1.0, 1.0092374212860689], [1.0]]}