{"max": [[1, 1.0, 1.0, 1, 1.0, 1.0, 1.0, 1.0, 1.0, 1.0], [1.0, 1.280536912751678, 1.1841379310344828, 1.209049773755656, 1.2466367713004485, 1.2522935779816513, 1.2115054378935317, 1.213022854678741, 1.2103580562659846], [1.0, 1.1550218340611353, 1.3025110782865583, 1.355694618272841, 1.2872306207783852, 1.3322784810126582, 1.3647182359117955, 1.2558627931396569], [1.0, 1.241336012054244, 1.2520346547650303, 1.299746284885828, 1.33430386447856, 1.272066458982347, 1.3113391119759419], [1.0, 1.207876712328767, 1.247394747811588, 1.2462321792260693, 1.3423076923076922, 1.336261464927012], [1.0, 1.1791014841556358, 1.2248628884826325, 1.339787632729544, 1.2369953051643192], [1.0, 1.1548468983023956, 1.2336139506915214, 1.2359338061465721], [1.0, 1.1208209629534014, 1.208127654689473], [1.0, 1.1129050468555945], [1.0]], "avg": [[1.0, 1.0, 1.0, 1.0, 1.0, 1.0, 1.0, 1.0, 1.0, 1.0], [1.0, 1.0039241908541798, 1.00348669804321, 1.0137926803547863, 1.0147603728563188, 1.012222895374899, 1.0145389099358457, 1.015832872806497, 1.0149062990449516], [1.0, 1.0119644797765868, 1.0219867291635085, 1.0303381053963618, 1.0375453185531596, 1.0396648054034747, 1.0499940323661598, 1.0386095692381723], [1.0, 1.0242429886872582, 1.0393508207349682, 1.0488650953864813, 1.0521847050813162, 1.0545885846714607, 1.0567551744824286], [1.0, 1.033785463838978, 1.0585809633420227, 1.058533303847534, 1.0723228116365666, 1.06044127504842], [1.0, 1.0320241880323413, 1.0579158013254497, 1.0758111311953014, 1.067589955566558], [1.0, 1.033338576760552, 1.0646934737180387, 1.072053215397304], [1.0, 1.0288514385971461, 1.0567443797896487], [1.0, 1.0285074664712976], [1.0]]}