{"max": [[1.0, 1.0, 1.0, 1.0, 1.0, 1.0, 1.0, 1.0, 1.0, 1.0], [1.0, 1.2372013651877134, 1.246830530401035, 1.2850985221674878, 1.1805042016806722, 1.2144351464435146, 1.2192910140148392, 1.138372373822748, 1.1213464696223316], [1.0, 1.2814264487369986, 1.2300480219528926, 1.3149810964083175, 1.2510460251046025, 1.1612300617904872, 1.1658405325024783, 1.1618572927597062], [1.0, 1.217632125548119, 1.2387020299303602, 1.2412549585286694, 1.1788060953446107, 1.1606717349370248, 1.1525319849842948], [1.0, 1.131008339651251, 1.1768381284510316, 1.1738177834580974, 1.1487737379520946, 1.1500974658869396], [1.0, 1.0845797345692016, 1.1313083222243383, 1.1532983508245878, 1.1575556547808892], [1.0, 1.0822212270488132, 1.1220484328763813, 1.1293577981651377], [1.0, 1.069130683442951, 1.0851308967547846], [1.0, 1.0439753737906772], [1.0]], "avg": [[1.0, 1.0, 1.0, 1.0, 1.0, 1.0, 1.0, 1.0, 1.0, 1.0], [1.0, 1.0174536588646068, 1.0345726166468192, 1.0330349146851832, 1.0253130071403032, 1.0267244192803842, 1.019893447834362, 1.0177069246212624, 1.0166690567755021], [1.0, 1.0369152300523374, 1.0516575750606663, 1.0460093062826574, 1.0432275722875515, 1.0362488036432251, 1.0332703391271962, 1.029823650163362], [1.0, 1.0366018705460456, 1.052896702716634, 1.0500483675538146, 1.0449651599479923, 1.0450124060095263, 1.0418311182219742], [1.0, 1.0258944072852987, 1.0434004910551709, 1.0474383797764424, 1.0455125168802284, 1.0423229660505748], [1.0, 1.0182985390748638, 1.0342814794200417, 1.0403242125572196, 1.046584849097746], [1.0, 1.0195821192847285, 1.0314174084341874, 1.036876304490636], [1.0, 1.0159546786195675, 1.0294395426968037], [1.0, 1.0111738875547627], [1.0]]}