{"max": [[14.667505030181086, 36.29939633155328, 50.356528810408925, 65.59966678058784, 89.15409952187002, 106.7256092395448, 114.22992629313157], [11.427625693326176, 23.76143613411158, 36.561462064474114, 47.90342905610081, 63.944857556735876, 64.92350256140811, 77.59835402829916], [10.188966116420504, 17.867923548353588, 26.472368984720834, 34.15124475584045, 45.06506701969221, 48.79753545628218, 61.50405565925674], [7.095818146940341, 15.055904522613066, 21.148150652512, 28.81026827168206, 33.04382634432732, 40.0345515153994, 46.81085036502561], [5.696283113149429, 11.694958960973615, 17.557799617694194, 21.82513198459849, 27.508912919509157, 33.56567277003192, 38.72591330143404], [4.924016629357212, 9.414084086326637, 15.912207506302595, 19.64770786043573, 23.800940260150337, 28.017677021307122, 33.857364137732894], [4.2230916552667574, 8.36603637444027, 13.14577976678573, 16.78702759844452, 21.520033790985387, 24.125491023500867, 28.52281012751724], [4.420697639301354, 7.549182220915829, 12.097322711573852, 14.724398679315962, 18.308344713096098, 22.64189981232857, 25.054935905847433], [3.3844479242256424, 7.132106355037019, 10.223514270231213, 13.487060983889883, 16.861502261560783, 19.266144804473665, 22.431094999712297], [3.34094134796118, 5.966391853334804, 9.509227417391118, 12.323026436765351, 15.204424758889376, 18.124937633642194, 20.00641180001222]], "avg": [[12.804420782712436, 32.186181024009045, 45.59827709278652, 62.03549404369237, 79.59072509298066, 97.36950316054747, 108.70971521026465], [9.730606557420495, 21.04138275258868, 34.9768858203784, 42.004773940738, 58.28972935791967, 61.483496033076946, 74.03653640811716], [7.821700123795895, 15.785532207426641, 24.573575713979125, 32.8641502322228, 42.664240589168024, 47.23225141108337, 57.177708007775685], [6.052247568198028, 13.636417362634788, 20.358627526302406, 26.69764886169109, 32.57018321296225, 38.527366002370755, 45.03249193992103], [4.926325827095878, 10.778971253866624, 16.319286475111248, 21.387978283710417, 26.848512983893215, 31.537229603350898, 35.96905802571356], [4.782051602561931, 8.991214945404028, 14.566049990464402, 18.435884950383205, 23.253419475539385, 27.719116724125428, 32.39463109386581], [4.0640133579750835, 7.94731531816885, 12.464632475347889, 15.829851605975552, 20.78079646618007, 23.74319738116919, 28.061981470591046], [3.731917388254881, 6.982047236630342, 11.204337637079288, 14.572412268654622, 17.67164248173319, 21.552690884177075, 24.307077229501154], [3.1112738129302615, 6.424450346904618, 9.699894920281805, 13.115566686706007, 16.131841171962385, 18.597268783369998, 21.789971199502578], [2.9936485064849814, 5.7978703288608795, 8.927677995751294, 11.69094203112611, 14.550843420633516, 17.182934354466877, 19.60671897705323]]}